,CUST_ID,CUST_SEX,CUST_AGE,CUST_MARRY,BUYERPART,CAR_MODEL,CAR_COLOR,CAR_AGE,CAR_PRICE,IS_LOAN,LOAN_PERIED,LOAN_AMOUNT,F_INSORNOT,ALL_BUYINS_N,DLRSI_CNT,GLASSBUYSEPARATE_CNT,SII_CNT,IS_LOST
1353,46182225A79D4D28067EAD44A103F811,1,1,0,1,3,0,2,2,0.0,0.0,4,0.0,0.0,0.0,0.0,0.0,1
1619,FF01C6A6EE79BD32DCCE9B79C4126B50,1,1,0,1,3,0,2,2,0.0,0.0,4,0.0,0.0,0.0,0.0,0.0,1
1748,499BE5E4B618E2DA6AE9C17BC90280D3,2,2,0,1,3,0,2,2,0.0,0.0,4,0.0,0.0,0.0,0.0,0.0,1
2223,E818DBB8DE014C2F966B414460C1414B,2,2,0,1,7,0,2,1,0.0,0.0,4,0.0,0.0,0.0,0.0,0.0,1
2265,B3CECB29E543A21D59E14B0C63551150,1,2,0,1,7,0,2,1,0.0,0.0,4,0.0,0.0,0.0,0.0,0.0,1
2274,32C8C752CC01A241E6F2C6145C3BF6F5,2,1,0,1,7,0,2,1,0.0,0.0,4,0.0,0.0,0.0,0.0,0.0,1
2338,41ADE4EB4A94CEEE8B52634812666F62,1,1,0,1,7,0,3,1,0.0,0.0,4,0.0,0.0,0.0,0.0,0.0,1
2413,7FB741E74340AA1D036A664475F061DB,2,2,0,1,7,0,2,1,0.0,0.0,4,0.0,0.0,0.0,0.0,0.0,1
2627,4D717F9FF8A1CF8D16B13A4B4881FF7A,2,2,0,2,7,黑云母色,2,1,0.0,0.0,4,0.0,0.0,0.0,0.0,0.0,1
2720,F61C9F02F5FF2FE26DE20B68B2D8E4D1,2,1,0,1,7,紫云母金属,3,1,0.0,0.0,4,0.0,0.0,0.0,0.0,0.0,1
2789,4E0A280BF1CEDF33C18F4D460A1A19FA,2,2,已婚,1,7,0,2,1,0.0,0.0,4,0.0,0.0,0.0,0.0,0.0,1
2794,C488B8FDD1BF67A9888DA6185192A291,1,2,已婚,1,7,0,2,1,0.0,0.0,4,0.0,0.0,0.0,0.0,0.0,1
2851,A6E6F5CD91420C84CB586E9082CEDAE3,1,2,0,2,7,0,2,1,0.0,0.0,4,0.0,0.0,0.0,0.0,0.0,1
2934,B519AADC05F85F6191944676BC5182C8,1,2,0,1,7,银金属色,3,1,0.0,0.0,4,0.0,0.0,0.0,0.0,0.0,1
3032,36CD7F4D8B8B07BD7963864E1E10FC09,1,2,已婚,1,7,0,2,1,0.0,0.0,4,0.0,0.0,0.0,0.0,0.0,1
3140,E92B222A06063960C6D3B6918FDC8FF2,1,2,0,2,7,紫云母金属,2,1,0.0,0.0,4,0.0,0.0,0.0,0.0,0.0,1
3255,F74F8036E8E8CE32536D18EAF0838D95,1,1,已婚,1,7,0,2,1,0.0,0.0,4,0.0,0.0,0.0,0.0,0.0,1
3323,2065BF398A8CEAB993E31A6C428D0B9C,2,1,0,1,7,0,3,1,0.0,0.0,4,0.0,0.0,0.0,0.0,0.0,1
3410,895E7822B617623F7F750033EDA1F02E,1,1,已婚,1,7,0,2,1,0.0,0.0,4,0.0,0.0,0.0,0.0,0.0,1
3425,9D0ACF209F66BF3E6C8C70238A087439,1,2,0,1,7,0,2,1,0.0,0.0,4,0.0,0.0,0.0,0.0,0.0,1
3529,BCD94AF8D5A3C06ADD25738411891591,2,2,0,1,7,0,3,1,0.0,0.0,4,0.0,0.0,0.0,0.0,0.0,1
3615,9F7063CA4FC26E957401B8E6342BB753,2,2,0,1,7,0,2,1,0.0,0.0,4,0.0,0.0,0.0,0.0,0.0,1
3689,CA2E7A3E1B74052DA3BC68951AC190FC,1,1,0,1,7,0,3,1,0.0,0.0,4,0.0,0.0,0.0,0.0,0.0,1
3807,F0973FC969CBFF4FCD51F10EE9456683,1,2,0,1,7,0,2,1,0.0,0.0,4,0.0,0.0,0.0,0.0,0.0,1
3925,1D340D46EDB9C74B168B0A6B74050309,1,2,已婚,1,7,0,2,1,0.0,0.0,4,0.0,0.0,0.0,0.0,0.0,1
3938,CCA34B52AAB918370498D3E5F302ED25,1,1,0,1,7,紫云母金属,2,1,0.0,0.0,4,0.0,0.0,0.0,0.0,0.0,1
3948,5D2C58062663A6D6E91CBEE67055A85E,2,1,已婚,1,7,0,2,1,0.0,0.0,4,0.0,0.0,0.0,0.0,0.0,1
3950,48E648FC6BABA6D9204AA22564562FC5,1,1,0,1,7,0,2,1,0.0,0.0,4,0.0,0.0,0.0,0.0,0.0,1
4085,3B59FC53788254D925B633A50EB11F90,1,1,已婚,1,7,0,3,1,0.0,0.0,4,0.0,0.0,0.0,0.0,0.0,1
4288,8CA3910DA85AEB5598B0DB601F6CBD27,1,2,0,1,7,银金属色,3,1,0.0,0.0,4,0.0,0.0,0.0,0.0,0.0,1
4304,BFEE82076139323487B10A2873D54DDB,1,2,已婚,1,7,蓝金属色,3,1,0.0,0.0,4,0.0,0.0,0.0,0.0,0.0,1
4787,E9A6AB6A18089E83FD658084BBEB54A8,1,2,0,1,7,紫云母金属,3,1,0.0,0.0,4,0.0,0.0,0.0,0.0,0.0,1
5319,3CE21E8E8BB96B2DEBB2584296B711E4,1,1,0,1,7,0,2,1,0.0,0.0,4,0.0,0.0,0.0,0.0,0.0,1
5349,8E19001F98F766DF2742CE136FBF570E,1,1,0,1,7,黑云母色,2,1,0.0,0.0,4,0.0,0.0,0.0,0.0,0.0,1
5359,604A249F5CF8473C973E54DACDD26CD5,2,1,0,1,7,红色,2,1,0.0,0.0,4,0.0,0.0,0.0,0.0,0.0,1
5765,63DC17B28B8671FEAD7D13ACCF243387,1,1,0,1,7,0,2,1,0.0,0.0,4,0.0,0.0,0.0,0.0,0.0,1
5784,A4D2CBCD6AAFF9543D7781855E91E28C,1,2,已婚,1,7,红色,2,1,0.0,0.0,4,0.0,0.0,0.0,0.0,0.0,1
5800,95E9BB8EAD921F7FBD74F1ACF82D3B7F,1,2,0,1,7,银金属色,2,1,0.0,0.0,4,0.0,0.0,0.0,0.0,0.0,1
5852,EB4634053C80ECD3A0020CC252353589,1,1,0,1,7,0,2,1,0.0,0.0,4,0.0,0.0,0.0,0.0,0.0,1
5928,96E0966493C2D0DF204F6CDF8231FF8B,1,2,0,1,7,银金属色,2,1,0.0,0.0,4,0.0,0.0,0.0,0.0,0.0,1
5958,8CD140024CBA8F7ADE3CD88115A67786,1,2,0,1,7,0,2,1,0.0,0.0,4,0.0,0.0,0.0,0.0,0.0,1
6430,5D2A92B850DE8A2085562E1AE30BF5B8,1,2,0,1,7,0,2,1,0.0,0.0,4,0.0,0.0,0.0,0.0,0.0,1
6648,51037CB70911F6DAE085C4C651305B77,1,2,已婚,2,7,0,3,1,0.0,0.0,4,0.0,0.0,0.0,0.0,0.0,1
6669,ADCB40BB3866617EF09C624299CC2701,1,1,0,1,7,红色,3,1,0.0,0.0,4,0.0,0.0,0.0,0.0,0.0,1
6802,9CAE149E00E5B4102D9CC9B329E7F71B,2,2,0,1,7,0,2,1,0.0,0.0,4,0.0,0.0,0.0,0.0,0.0,1
7223,84E25AC3300828F9ACFD0F812E423428,1,1,0,1,7,0,2,1,0.0,0.0,4,0.0,0.0,0.0,0.0,0.0,1
7697,75EABE04D213605F9ECCDD1844734992,1,2,0,1,7,银金属色,2,1,0.0,0.0,4,0.0,0.0,0.0,0.0,0.0,1
8301,949B1266AAE1998E1E5469EBCD8A7A6B,1,1,0,1,7,0,2,1,0.0,0.0,4,0.0,0.0,0.0,0.0,0.0,1
8320,23E8DDC21F6FA0AC3EC6ED82D7CA4A83,1,1,0,1,7,0,2,1,0.0,0.0,4,0.0,0.0,0.0,0.0,0.0,1
8766,08525553524340E4D5B713F3EE924440,1,1,0,1,7,银金属色,2,1,0.0,0.0,4,0.0,0.0,0.0,0.0,0.0,1
8768,65B0B15BAAC4E6E3BAF2F18A53CE1618,1,1,0,1,7,0,2,1,0.0,0.0,4,0.0,0.0,0.0,0.0,0.0,1
8821,19B8DD78A2E2370234C5F7B2972F2E53,2,2,0,1,7,0,2,1,0.0,0.0,4,0.0,0.0,0.0,0.0,0.0,1
8860,850B1D8033C04E2627917B62A7B43057,1,2,0,1,7,蓝金属色,2,1,0.0,0.0,4,0.0,0.0,0.0,0.0,0.0,1
9160,28AC2F32D201FD260A9700658A031246,1,1,0,1,7,0,2,1,0.0,0.0,4,0.0,0.0,0.0,0.0,0.0,1
9243,51BDEAB4464E55EFBC705C71C915EF6D,1,1,0,1,7,0,2,1,0.0,0.0,4,0.0,0.0,0.0,0.0,0.0,1
9684,FAC46B7E529918E6FD7B9C54CE216FDB,1,2,已婚,1,7,0,3,2,0.0,0.0,4,0.0,0.0,0.0,0.0,0.0,1
9877,64635D4602EA4066BC8933860201AB54,1,2,0,1,4,银金属色,4,2,0.0,0.0,4,0.0,0.0,0.0,0.0,0.0,1
9881,3D41BFE4D1369077F9B530AD524C715D,1,2,已婚,1,4,银金属色,4,2,0.0,0.0,4,0.0,0.0,0.0,0.0,0.0,1
9883,6BA443EFAF23D28277A7D1654951AB2F,2,1,未婚,1,4,深蓝金属色,4,2,0.0,0.0,4,0.0,0.0,0.0,0.0,0.0,1
9886,012F56DCCA4F4C96DE421B81FCAC8132,1,3,已婚,1,4,黑云母色,4,2,0.0,0.0,4,0.0,0.0,0.0,0.0,0.0,1
9894,E4DB194AAD6326342FBDC53052922475,1,3,已婚,1,4,银金属色,4,2,0.0,0.0,4,0.0,0.0,0.0,0.0,0.0,1
9922,C64F6CF187E3238E53074CFA0B88BA84,1,2,已婚,1,4,黑云母色,4,2,0.0,0.0,4,0.0,0.0,0.0,0.0,0.0,1
9934,7C1D1C0F4D44013B54C56D2060C2B9A7,1,1,已婚,1,4,黑云母色,3,2,0.0,0.0,4,0.0,0.0,0.0,0.0,0.0,1
9935,A29A8AF28A309C0B09EF21452B7EFBE8,1,2,0,2,4,银金属色,4,2,0.0,0.0,4,0.0,0.0,0.0,0.0,0.0,1
10005,478D4F79B9D3217EE35AD8CFF52954E6,2,1,0,1,4,白色,3,2,0.0,0.0,4,0.0,0.0,0.0,0.0,0.0,1
10124,F1ADEF7016DE79D13584846F7295DD42,1,2,0,1,4,白色,2,2,0.0,0.0,4,0.0,0.0,0.0,0.0,0.0,1
10156,A4E5FC7C8B8435AB6ADB45707700CF0F,1,2,0,2,4,银金属色,2,2,0.0,0.0,4,0.0,0.0,0.0,0.0,0.0,1
10178,EA883C0BE904EF907994CC3FAA900DD9,1,2,0,1,4,银金属色,4,2,0.0,0.0,4,0.0,0.0,0.0,0.0,0.0,1
10179,EF7D4DC0F19A419BFC5701A6C65CCA94,1,2,0,1,4,银金属色,4,2,0.0,0.0,4,0.0,0.0,0.0,0.0,0.0,1
10181,9FEF20FA3CE6799BC6C91A97D4F649D9,1,2,已婚,1,4,白色,4,2,0.0,0.0,4,0.0,0.0,0.0,0.0,0.0,1
10229,BFC8F56E985AA6F876CC3FEB4D2AAE33,1,2,0,1,4,银金属色,3,2,0.0,0.0,4,0.0,0.0,0.0,0.0,0.0,1
10385,1EE81BDA009D628660B87009AE9B3DAD,1,2,0,1,4,白色,3,1,0.0,0.0,4,0.0,0.0,0.0,0.0,0.0,1
10442,4C09824402C1B9EE78AA3D9CB9F7E2F7,1,2,0,1,4,黑云母色,2,1,0.0,0.0,4,0.0,0.0,0.0,0.0,0.0,1
10450,4CEE028254B36CC63BAD9CE48D6A5AF1,2,1,0,1,4,白色,2,2,0.0,0.0,4,0.0,0.0,0.0,0.0,0.0,1
10451,317E12DA646C3DF403C013561F84A299,1,1,0,2,4,银金属色,2,1,0.0,0.0,4,0.0,0.0,0.0,0.0,0.0,1
10454,BF499AE3DC1ECAE9A54F41210272A7FD,1,2,0,1,4,银金属色,2,2,0.0,0.0,4,0.0,0.0,0.0,0.0,0.0,1
10466,13674E62EC97C64F530C93A2E137BD1D,1,2,0,2,4,白色,2,2,0.0,0.0,4,0.0,0.0,0.0,0.0,0.0,1
10502,C994CD7CC5FC05680E771C8F7CB406A9,2,2,0,1,4,银金属色,4,2,0.0,0.0,4,0.0,0.0,0.0,0.0,0.0,1
10504,C46A8743331DF814D94890591568FFCA,1,2,0,1,4,银金属色,4,2,0.0,0.0,4,0.0,0.0,0.0,0.0,0.0,1
10505,B8182943E818CD61D844359CBBC4E452,1,2,已婚,1,4,白色,4,2,0.0,0.0,4,0.0,0.0,0.0,0.0,0.0,1
10506,AA7B98D14C02C1E4290D5D834250F9F5,1,2,0,1,4,白色,4,2,0.0,0.0,4,0.0,0.0,0.0,0.0,0.0,1
10508,2E366BCDF2A27D4AAA18188DEE1E07CD,1,2,已婚,1,4,黑云母色,4,2,0.0,0.0,4,0.0,0.0,0.0,0.0,0.0,1
10749,58723CC74E16B2D7DF5C20CC33C2EA98,1,2,0,1,4,白色,2,1,0.0,0.0,4,0.0,0.0,0.0,0.0,0.0,1
10788,A15E4A56E83E06CE725FAC399CF4D727,1,1,0,1,4,银金属色,2,2,0.0,0.0,4,0.0,0.0,0.0,0.0,0.0,1
10806,F0873C3516A13AE718ACF259ACFF9F45,1,2,0,1,4,黑云母色,4,2,0.0,0.0,4,0.0,0.0,0.0,0.0,0.0,1
10810,E6B6BF1BF070D0C44DAA3278EDFD4891,1,1,已婚,1,4,黑云母色,4,2,0.0,0.0,4,0.0,0.0,0.0,0.0,0.0,1
10812,ADAFBEBC45048667698A8FFCA5C8E005,1,2,0,1,4,深蓝金属色,4,2,0.0,0.0,4,0.0,0.0,0.0,0.0,0.0,1
10813,43FC2E4BA6E0F93F1BA5F58F3A1F57A6,1,2,已婚,1,4,银金属色,4,2,0.0,0.0,4,0.0,0.0,0.0,0.0,0.0,1
10814,AA65014782749E2E8CA719F2795956F6,1,2,已婚,1,4,银金属色,4,2,0.0,0.0,4,0.0,0.0,0.0,0.0,0.0,1
10816,362B5C06A10C27C4615F8BE0777893CC,1,2,已婚,1,4,银金属色,4,2,0.0,0.0,4,0.0,0.0,0.0,0.0,0.0,1
10817,256F8AF9485D46F4533EF0B180730AA3,1,2,0,1,4,黑云母色,4,2,0.0,0.0,4,0.0,0.0,0.0,0.0,0.0,1
10837,94E603CD6FE95CD5CE84831B9F10223E,1,2,已婚,2,4,黑云母色,4,2,0.0,0.0,4,0.0,0.0,0.0,0.0,0.0,1
10897,46C43B8083011A77109AA9E64F9A5753,1,2,0,1,4,银金属色,3,2,0.0,0.0,4,0.0,0.0,0.0,0.0,0.0,1
10958,6B921E68FE85D411301102132F6A5231,1,2,0,1,4,黑云母色,3,1,0.0,0.0,4,0.0,0.0,0.0,0.0,0.0,1
10995,83ADCB8B3D0C28B3D4E6E08EEDCEF456,1,2,0,1,4,黑云母色,3,2,0.0,0.0,4,0.0,0.0,0.0,0.0,0.0,1
11038,9EB434F4560066661D81FCE881D10468,2,1,0,1,4,银金属色,3,2,0.0,0.0,4,0.0,0.0,0.0,0.0,0.0,1
11101,21CD78057F3D4681EAC579EC301298E1,1,3,0,1,4,银金属色,2,1,0.0,0.0,4,0.0,0.0,0.0,0.0,0.0,1
11103,C0F065B9E5E9E5C0E8130363524C5E97,1,2,0,2,4,银金属色,2,1,0.0,0.0,4,0.0,0.0,0.0,0.0,0.0,1
11104,EB65F41240356DFB781AA6B86DD0E5A1,1,2,已婚,2,4,银金属色,2,1,0.0,0.0,4,0.0,0.0,0.0,0.0,0.0,1
11120,03AF3AC604497F311253F4D9F9F5B157,1,2,已婚,1,4,黑云母色,4,2,0.0,0.0,4,0.0,0.0,0.0,0.0,0.0,1
11121,34F17A050B082E44D5E12BC09F7009D9,1,2,已婚,1,4,银金属色,4,2,0.0,0.0,4,0.0,0.0,0.0,0.0,0.0,1
11166,2444945BB103DC171BA92992088AD468,2,2,0,1,4,白色,3,2,0.0,0.0,4,0.0,0.0,0.0,0.0,0.0,1
11299,C5C6D141C9F43D9E0E3789F46F56E643,1,2,0,1,4,黑云母色,3,2,0.0,0.0,4,0.0,0.0,0.0,0.0,0.0,1
11422,94A65391DC0A11F2A43539A98269EBDB,2,1,0,1,4,银金属色,2,2,0.0,0.0,4,0.0,0.0,0.0,0.0,0.0,1
11443,0EA65A86EAAE22BB83F5E01A1985293A,1,2,0,1,4,黑云母色,4,2,0.0,0.0,4,0.0,0.0,0.0,0.0,0.0,1
11452,588FDBC59E8721BEF06DC7B839B67A46,2,2,0,1,4,银金属色,4,2,0.0,0.0,4,0.0,0.0,0.0,0.0,0.0,1
11501,06E607FEB62CFD05C637BE446F9E7868,1,2,已婚,1,4,白色,3,2,0.0,0.0,4,0.0,0.0,0.0,0.0,0.0,1
11540,25E8A6EDB778A2B7498E15564F9B17B8,2,2,0,1,4,白色,3,2,0.0,0.0,4,0.0,0.0,0.0,0.0,0.0,1
11563,0ABDD074BA80692FB8B59EF23B297132,1,2,0,1,4,银金属色,3,2,0.0,0.0,4,0.0,0.0,0.0,0.0,0.0,1
11742,ABBC1418BE43CAE9602BC0825FD76C16,1,2,0,1,4,白色,2,2,0.0,0.0,4,0.0,0.0,0.0,0.0,0.0,1
11747,1D228444F89978DA5901F761C9E86393,1,2,0,2,4,银金属色,2,1,0.0,0.0,4,0.0,0.0,0.0,0.0,0.0,1
11759,18E73513321C9DCCE895266B8CD7977E,2,2,0,1,4,银金属色,4,2,0.0,0.0,4,0.0,0.0,0.0,0.0,0.0,1
11764,9189A24CE46B46C64E8D8D5B47C9216A,1,2,0,1,4,黑云母色,4,2,0.0,0.0,4,0.0,0.0,0.0,0.0,0.0,1
11776,F14328FD96BC510B9A535E66C0436D55,1,2,已婚,2,4,银金属色,4,2,0.0,0.0,4,0.0,0.0,0.0,0.0,0.0,1
11833,13F59DC52F1D950354C506FC66BA1BA2,1,2,0,1,4,白色,3,2,0.0,0.0,4,0.0,0.0,0.0,0.0,0.0,1
11878,32F0635501DDFE31DBAC5089107502F2,1,2,已婚,1,4,银金属色,3,2,0.0,0.0,4,0.0,0.0,0.0,0.0,0.0,1
11971,F57B17CD5875F5C34CD9D65CE28308DD,1,2,已婚,1,4,银金属色,2,1,0.0,0.0,4,0.0,0.0,0.0,0.0,0.0,1
11983,854E74331ED83578F4380268688AB44E,1,1,已婚,1,4,白色,2,2,0.0,0.0,4,0.0,0.0,0.0,0.0,0.0,1
12006,4ADAD7A7E210EC4B6CB6D2A0E4BD7D54,2,1,0,1,4,银金属色,2,2,0.0,0.0,4,0.0,0.0,0.0,0.0,0.0,1
12017,94ED6FCF7BF96BC8EA7B8E1FE4F51A7F,2,1,0,1,4,白色,2,2,0.0,0.0,4,0.0,0.0,0.0,0.0,0.0,1
12060,F9087CAA9DFB99F3D1D28C71FD3A4B7F,1,2,0,1,4,银金属色,4,2,0.0,0.0,4,0.0,0.0,0.0,0.0,0.0,1
12061,C35A6BE839173AE9DCE0A7C96F87A394,1,2,已婚,2,4,黑云母色,4,2,0.0,0.0,4,0.0,0.0,0.0,0.0,0.0,1
12063,253665B3E1A8B13E1FD930CD9BAB633D,1,2,0,1,4,黑云母色,4,2,0.0,0.0,4,0.0,0.0,0.0,0.0,0.0,1
12074,33DE41FC1BAA6AC10F8E629C91F3FE7D,1,2,0,2,4,银金属色,4,2,0.0,0.0,4,0.0,0.0,0.0,0.0,0.0,1
12079,CF76A7984CA9C2510BA9C79334B8960F,2,2,0,1,4,黑云母色,4,2,0.0,0.0,4,0.0,0.0,0.0,0.0,0.0,1
12084,A71AC96240D124895206EC72A8BB0EB4,1,2,已婚,1,4,银金属色,4,2,0.0,0.0,4,0.0,0.0,0.0,0.0,0.0,1
12091,3DC8245C99BBC38153C44FBF4A26D168,2,2,0,1,4,黑云母色,4,2,0.0,0.0,4,0.0,0.0,0.0,0.0,0.0,1
12100,6A590358EF38C14EF8C4412469ED3A91,1,3,0,1,4,白色,4,2,0.0,0.0,4,0.0,0.0,0.0,0.0,0.0,1
12104,2BF56C3F934500309F4BFD1CAD2ABF04,1,2,已婚,1,4,银金属色,4,2,0.0,0.0,4,0.0,0.0,0.0,0.0,0.0,1
12281,3AACDD73FDD66D48A31EBF88218413F2,1,2,0,1,4,银金属色,3,1,0.0,0.0,4,0.0,0.0,0.0,0.0,0.0,1
12342,9BF55B49FFCFEA61AA26CD7ACFEE9812,1,2,0,2,4,银金属色,2,1,0.0,0.0,4,0.0,0.0,0.0,0.0,0.0,1
12357,8F744428C2D1317A0330C2779DCFC229,1,1,已婚,1,4,银金属色,4,2,0.0,0.0,4,0.0,0.0,0.0,0.0,0.0,1
12361,1C1476D596A1CB50859B36065B143A88,1,2,0,1,4,银金属色,4,2,0.0,0.0,4,0.0,0.0,0.0,0.0,0.0,1
12365,03C756964830A390867B19A533A0A6C4,2,1,已婚,1,4,白色,4,2,0.0,0.0,4,0.0,0.0,0.0,0.0,0.0,1
12367,80996DAF85FA1F6A8AEB4C6A1E5F95E5,1,2,已婚,1,4,黑云母色,4,2,0.0,0.0,4,0.0,0.0,0.0,0.0,0.0,1
12368,F7FFE0A436CBFBB950B84B4C875DF116,1,2,已婚,1,4,银金属色,4,2,0.0,0.0,4,0.0,0.0,0.0,0.0,0.0,1
12371,911545C86841B7E623C5910BFCAE05F9,1,2,0,1,4,银金属色,4,2,0.0,0.0,4,0.0,0.0,0.0,0.0,0.0,1
12390,4E0D837CD8E94173BD6D037961064046,2,1,已婚,2,4,白色,4,2,0.0,0.0,4,0.0,0.0,0.0,0.0,0.0,1
12402,471DFD19C688D4957EB3EF9A77F82F0E,1,2,已婚,1,4,白色,4,2,0.0,0.0,4,0.0,0.0,0.0,0.0,0.0,1
12414,37D8C663F295399F6779A12615B18711,1,2,0,1,4,白色,4,2,0.0,0.0,4,0.0,0.0,0.0,0.0,0.0,1
12543,44900BAD29E500523BE4C10AAE5AAC9B,1,2,已婚,1,4,黑云母色,3,2,0.0,0.0,4,0.0,0.0,0.0,0.0,0.0,1
12613,9ECEFE95002916EFFDECC6803351FE50,1,2,已婚,1,4,银金属色,2,2,0.0,0.0,4,0.0,0.0,0.0,0.0,0.0,1
12671,4AAF3D61C3DD0D12AC6D5935A41DEB89,1,2,0,1,4,银金属色,4,2,0.0,0.0,4,0.0,0.0,0.0,0.0,0.0,1
12674,F43D8749FDA0528AC986EB24C4F94879,2,2,已婚,1,4,银金属色,4,2,0.0,0.0,4,0.0,0.0,0.0,0.0,0.0,1
12682,B5736A84DC623F6266B0ED7D85ED3C3C,2,2,已婚,1,4,银金属色,4,2,0.0,0.0,4,0.0,0.0,0.0,0.0,0.0,1
12731,F82BD57C4B75C5780E99595B9CC3AF5F,1,2,0,1,4,黑云母色,3,2,0.0,0.0,4,0.0,0.0,0.0,0.0,0.0,1
12859,ABF49D466498DCDBC4AA3FEEE0D3957C,1,2,0,1,4,白色,3,2,0.0,0.0,4,0.0,0.0,0.0,0.0,0.0,1
12903,48CCCA5989C4E343B88E9BF8E9BDEA79,1,2,已婚,1,4,白色,2,1,0.0,0.0,4,0.0,0.0,0.0,0.0,0.0,1
12910,6CF14F8615F91A7767BC0235551FD369,1,3,0,1,4,黑云母色,2,2,0.0,0.0,4,0.0,0.0,0.0,0.0,0.0,1
12958,71DF3E8AEBB40019D2C6D624F384C623,1,2,已婚,1,4,黑云母色,4,2,0.0,0.0,4,0.0,0.0,0.0,0.0,0.0,1
12962,7B4C99F91BEB07621BA41EA38CBD2EF0,1,2,已婚,1,4,白色,4,2,0.0,0.0,4,0.0,0.0,0.0,0.0,0.0,1
13010,B91628F4F3E218B466616BB0FEC86A5D,1,2,已婚,1,4,白色,3,2,0.0,0.0,4,0.0,0.0,0.0,0.0,0.0,1
13201,242F8771961897F5739F4C844C57B011,1,1,0,1,4,白色,2,2,0.0,0.0,4,0.0,0.0,0.0,0.0,0.0,1
13206,E8D31290B235EBBB72F23131C14D9F0D,1,2,0,1,4,白色,2,2,0.0,0.0,4,0.0,0.0,0.0,0.0,0.0,1
13244,76D768659CEA225DC68FD2DFE5CA4D4D,1,2,0,2,4,银金属色,2,1,0.0,0.0,4,0.0,0.0,0.0,0.0,0.0,1
13463,482665C856F998B383E0C17AB9E1C9D9,1,2,0,1,2,0,2,2,0.0,0.0,4,0.0,0.0,0.0,0.0,0.0,1
13468,AE7CBE8BC28727C20B06EC1D2725BBA4,1,2,已婚,2,2,0,2,2,0.0,0.0,4,0.0,0.0,0.0,0.0,0.0,1
13654,E91958318D50371FFDE25982D7E7E498,1,2,0,1,2,0,2,2,0.0,0.0,4,0.0,0.0,0.0,0.0,0.0,1
13762,3C130648BB610B6389EB7D72A3D60F5C,1,1,0,1,2,0,2,2,0.0,0.0,4,0.0,0.0,0.0,0.0,0.0,1
13776,E76DBA72F8CA37F837059983CF77803B,2,1,0,1,2,0,2,2,0.0,0.0,4,0.0,0.0,0.0,0.0,0.0,1
14119,971711BA5522EA530E2042BF0EBBAEEA,1,2,0,1,2,铂青铜金属,2,2,0.0,0.0,4,0.0,0.0,0.0,0.0,0.0,1
14123,4A9F47023642344A90383BA8E093805E,2,1,已婚,1,2,铂青铜金属,2,2,0.0,0.0,4,0.0,0.0,0.0,0.0,0.0,1
14156,479D926C544C2C62B86DA66B28527070,1,2,0,1,2,0,2,2,0.0,0.0,4,0.0,0.0,0.0,0.0,0.0,1
14328,3F366478F37FC326DA473AD3D246FE1C,2,2,已婚,1,2,0,3,2,0.0,0.0,4,0.0,0.0,0.0,0.0,0.0,1
14481,B0B8141577AEB0FDB39E25C1FBD9E79C,2,2,已婚,1,2,0,2,2,0.0,0.0,4,0.0,0.0,0.0,0.0,0.0,1
14554,3029D5C3917C7556921ED6AFDEE0204D,1,2,0,1,2,银金属色,2,2,0.0,0.0,4,0.0,0.0,0.0,0.0,0.0,1
14593,A74A1A3FDD8B3A98D6122A0519E8F8B5,1,1,0,1,2,银金属色,2,2,0.0,0.0,4,0.0,0.0,0.0,0.0,0.0,1
14597,FC7DFC398DA400324033A8D0315D1F5D,1,2,0,1,2,0,2,2,0.0,0.0,4,0.0,0.0,0.0,0.0,0.0,1
15192,E906A3DDDADBD2BD6D07D7CC3F213903,1,2,0,2,2,0,2,2,0.0,0.0,4,0.0,0.0,0.0,0.0,0.0,1
15416,DDBA9CE69886D8B897A14039F0D42C53,2,1,已婚,1,2,银金属色,2,2,0.0,0.0,4,0.0,0.0,0.0,0.0,0.0,1
15467,974EE40D6DE8FF230DF1C35A70BD0C2C,1,2,0,1,2,黑云母色,2,2,0.0,0.0,4,0.0,0.0,0.0,0.0,0.0,1
15556,C2B70B6311720DFE88291784E821536A,2,2,已婚,1,2,0,2,2,0.0,0.0,4,0.0,0.0,0.0,0.0,0.0,1
15597,AFC4E1376C3E953016DEB63BAE70EA1A,1,1,0,1,2,0,2,2,0.0,0.0,4,0.0,0.0,0.0,0.0,0.0,1
15658,9EE08B7DE820F4F8D84493E15D5CDF33,1,1,已婚,1,2,0,2,2,0.0,0.0,4,0.0,0.0,0.0,0.0,0.0,1
16450,57424CFD124586DF64A596FA87CF2356,1,2,0,1,2,银金属色,3,2,0.0,0.0,4,0.0,0.0,0.0,0.0,0.0,1
16495,7CC263DFA71F77F1C02796F38654961E,1,2,0,1,2,0,3,2,0.0,0.0,4,0.0,0.0,0.0,0.0,0.0,1
16533,905F4AE6412CD6F6BBC0F8D338717CB5,1,2,0,1,2,银金属色,2,2,0.0,0.0,4,0.0,0.0,0.0,0.0,0.0,1
16535,790BE43D43E812458959618E2773076B,1,1,0,1,2,银金属色,2,2,0.0,0.0,4,0.0,0.0,0.0,0.0,0.0,1
16588,4157797524A0BB9377C51F751C42651A,1,1,0,1,2,0,2,2,0.0,0.0,4,0.0,0.0,0.0,0.0,0.0,1
16752,7B14F6758B110414833420C500BC537C,1,2,0,1,2,0,2,2,0.0,0.0,4,0.0,0.0,0.0,0.0,0.0,1
16778,4FF62DE926300CD670C63E464CFC111F,1,2,0,1,2,黑云母色,2,2,0.0,0.0,4,0.0,0.0,0.0,0.0,0.0,1
16855,1875964170EB3973142FD2E96720C965,2,2,0,1,2,银金属色,2,2,0.0,0.0,4,0.0,0.0,0.0,0.0,0.0,1
17185,A590E856A7FE09207E8C6428A02D01C8,1,1,0,1,2,0,2,2,0.0,0.0,4,0.0,0.0,0.0,0.0,0.0,1
17208,395AFA2A1B3E0371F0B7E82D5D4E1E41,1,1,0,1,2,黑云母色,2,2,0.0,0.0,4,0.0,0.0,0.0,0.0,0.0,1
17344,192A3C236613ABD7B86C55E247554674,2,2,0,1,2,0,2,2,0.0,0.0,4,0.0,0.0,0.0,0.0,0.0,1
17561,DBC14F7F3955E712F6045A73FF20371E,1,2,0,1,2,黑云母色,3,2,0.0,0.0,4,0.0,0.0,0.0,0.0,0.0,1
17652,8650E4547C7018A9E6B934C309325238,2,1,0,1,2,0,2,2,0.0,0.0,4,0.0,0.0,0.0,0.0,0.0,1
17741,E68F9270498CCFE2094A13D08EE31239,1,2,0,1,2,0,2,2,0.0,0.0,4,0.0,0.0,0.0,0.0,0.0,1
17843,D189E15DAE53B3E06CF76D4633C99B5B,1,1,0,1,2,银金属色,2,2,0.0,0.0,4,0.0,0.0,0.0,0.0,0.0,1
18056,7BA805E3323139CF6A6E55837DAD87AE,1,1,0,1,2,铂青铜金属,2,2,0.0,0.0,4,0.0,0.0,0.0,0.0,0.0,1
18278,6D0286EA8A09F8CC2131F905475C50A0,1,2,0,1,2,黑云母色,2,2,0.0,0.0,4,0.0,0.0,0.0,0.0,0.0,1
18550,6FDB84D097B6C727CBCFD8DE35CEEC24,2,2,已婚,1,2,0,2,2,0.0,0.0,4,0.0,0.0,0.0,0.0,0.0,1
18721,13C950DA4B90DA49D2A0A4782E8C2113,2,1,0,1,2,0,2,2,0.0,0.0,4,0.0,0.0,0.0,0.0,0.0,1
18971,497DB224A36A22258A76F0DFE3C3DB0E,1,2,0,1,2,黑云母色,2,2,0.0,0.0,4,0.0,0.0,0.0,0.0,0.0,1
19026,50BBB292F69B12ED6A82DDC120C578B8,1,2,0,1,2,黑云母色,2,2,0.0,0.0,4,0.0,0.0,0.0,0.0,0.0,1
19086,5B026EEC2AC15D3249CBE64092ADC024,2,1,0,1,2,0,2,2,0.0,0.0,4,0.0,0.0,0.0,0.0,0.0,1
19545,0742F70A5FBF79EDDC25C454F59C8FBB,1,2,0,1,2,0,3,2,0.0,0.0,4,0.0,0.0,0.0,0.0,0.0,1
19603,22CF79D870A56C1CE8EA9AFE018CFC8C,1,1,0,1,2,0,2,2,0.0,0.0,4,0.0,0.0,0.0,0.0,0.0,1
19726,026B9675942C5A0FA41F9BD1E29710A5,2,2,0,1,2,0,2,2,0.0,0.0,4,0.0,0.0,0.0,0.0,0.0,1
19812,C825FCF0D312521BD37CD83359D0E575,1,1,0,1,2,0,2,2,0.0,0.0,4,0.0,0.0,0.0,0.0,0.0,1
19847,6CAF9987087158CDD75CF7A3E11E4C20,2,2,0,1,2,0,2,2,0.0,0.0,4,0.0,0.0,0.0,0.0,0.0,1
19952,1A5F0907A4B519A74D28F44219CB7F90,1,1,0,2,2,0,2,2,0.0,0.0,4,0.0,0.0,0.0,0.0,0.0,1
20025,2C44EEB088415B6D02276E031D6EDF1B,1,2,0,1,2,黑云母色,2,2,0.0,0.0,4,0.0,0.0,0.0,0.0,0.0,1
20030,089D4E11B0E1515CD55F617BDCC41C49,1,2,0,1,2,铂青铜金属,2,2,0.0,0.0,4,0.0,0.0,0.0,0.0,0.0,1
20119,7204AE58860BCE18480E4D1C2AB753E5,2,1,已婚,1,2,0,2,2,0.0,0.0,4,0.0,0.0,0.0,0.0,0.0,1
20149,F1F47E6E877C1BF04DC6E0D648DCD7AA,1,2,0,1,2,黑云母色,2,2,0.0,0.0,4,0.0,0.0,0.0,0.0,0.0,1
20991,92A748EDDBB107E1B28D418555FE96F9,1,1,已婚,1,2,银金属色,2,2,0.0,0.0,4,0.0,0.0,0.0,0.0,0.0,1
21019,3FA680BE92FE7990165BC4EC6D4CCAD1,1,1,0,1,2,0,2,2,0.0,0.0,4,0.0,0.0,0.0,0.0,0.0,1
21198,7CE48B4B40E2B0059E87125357BD51F4,1,2,0,1,2,黑云母色,2,2,0.0,0.0,4,0.0,0.0,0.0,0.0,0.0,1
21234,62EFB7340A6AEA8AD2E8E668EBE2EFAD,1,2,0,1,2,0,2,2,0.0,0.0,4,0.0,0.0,0.0,0.0,0.0,1
21385,A0AB18376F7593D9CE2F9FB45A95853D,1,2,0,1,2,银金属色,2,2,0.0,0.0,4,0.0,0.0,0.0,0.0,0.0,1
21495,0566BC008A0E3C91FF16A97A3DE207FE,2,2,0,1,2,黑云母色,2,2,0.0,0.0,4,0.0,0.0,0.0,0.0,0.0,1
21688,0FA0034F9821D898A560CB25DD1E5406,1,2,0,1,2,0,3,2,0.0,0.0,4,0.0,0.0,0.0,0.0,0.0,1
21858,33164240F957A0F81039596A62D46674,1,2,已婚,1,2,0,2,2,0.0,0.0,4,0.0,0.0,0.0,0.0,0.0,1
22108,1B05518CA5CF460D613650ADEE5BBBE3,1,2,0,1,2,红色,2,2,0.0,0.0,4,0.0,0.0,0.0,0.0,0.0,1
22836,E64EC976EC14B5EB119FD7334981E6F3,1,1,0,1,2,黑云母色,2,2,0.0,0.0,4,0.0,0.0,0.0,0.0,0.0,1
23367,0C4468C351EBF8B5B83C25DE70EDC7C6,1,2,0,1,2,0,2,2,0.0,0.0,4,0.0,0.0,0.0,0.0,0.0,1
23897,439F84A2AF3C0C5FC9395C6E793C3149,1,2,已婚,1,2,铂青铜金属,2,2,0.0,0.0,4,0.0,0.0,0.0,0.0,0.0,1
23899,371AA7ADE15BEEB96092BB511E258119,2,1,0,1,2,灰金属色,2,2,0.0,0.0,4,0.0,0.0,0.0,0.0,0.0,1
24106,93D7F49241BD1E0EBAB37653E35F36D6,1,2,0,1,2,0,2,2,0.0,0.0,4,0.0,0.0,0.0,0.0,0.0,1
24122,DA708B8CDC5A177B7362A35D2B51C132,1,1,0,1,2,0,2,2,0.0,0.0,4,0.0,0.0,0.0,0.0,0.0,1
24250,6EDDC1E1E777FCE6ECC49BB25ABABE06,1,1,0,1,2,银金属色,2,2,0.0,0.0,4,0.0,0.0,0.0,0.0,0.0,1
24418,61E5242232786B1CF1A151BCA48E9D43,1,1,0,1,2,0,2,2,0.0,0.0,4,0.0,0.0,0.0,0.0,0.0,1
24449,C3512FB3D61EF80B2504CB0EE7DAFE3B,1,2,0,1,2,银金属色,2,2,0.0,0.0,4,0.0,0.0,0.0,0.0,0.0,1
24471,69146F4BF03FADC3FD81E96AAAE362A3,2,2,0,1,2,0,2,2,0.0,0.0,4,0.0,0.0,0.0,0.0,0.0,1
24573,A5C0B8A7235FABE365DF85A1B279F2FD,1,1,0,1,2,黑云母色,2,2,0.0,0.0,4,0.0,0.0,0.0,0.0,0.0,1
24703,48F84D50F54B2DFBCDE7ECF6BF789382,1,2,0,1,2,银金属色,2,2,0.0,0.0,4,0.0,0.0,0.0,0.0,0.0,1
24843,CDDC1E0CDC0B3BD557BC491B231659DA,1,2,已婚,1,7,银金属色,4,2,0.0,0.0,4,0.0,0.0,0.0,0.0,0.0,1
24846,A9CC9EFE5D81A483264E571A3B8792C7,1,2,0,1,7,银金属色,4,2,0.0,0.0,4,0.0,0.0,0.0,0.0,0.0,1
24847,8E63933B631868F2D3AE413E5CDDB842,1,1,已婚,1,7,白色,4,2,0.0,0.0,4,0.0,0.0,0.0,0.0,0.0,1
24855,99C65D70F703BFB8B14F6FEBD3393C00,2,2,0,1,7,白色,4,2,0.0,0.0,4,0.0,0.0,0.0,0.0,0.0,1
24903,361010D23BCD8A3E784D1D2DC3142441,1,2,已婚,1,2,红色,4,2,0.0,0.0,4,0.0,0.0,0.0,0.0,0.0,1
24911,4BAA22F2DB74F3D0E67274E1128C68A5,1,1,已婚,1,2,0,4,2,0.0,0.0,4,0.0,0.0,0.0,0.0,0.0,1
24928,82370A9ADC05C7BF47A0F829AAB9C114,1,2,已婚,1,2,0,4,2,0.0,0.0,4,0.0,0.0,0.0,0.0,0.0,1
24960,84ADFC8942C3B2B6B0DA2BD010BC2813,1,1,已婚,1,2,银金属色,3,2,0.0,0.0,4,0.0,0.0,0.0,0.0,0.0,1
25109,1620914F7EB07C0C555A16929685F808,1,2,已婚,1,2,灰金属色,4,2,0.0,0.0,4,0.0,0.0,0.0,0.0,0.0,1
25113,C1DE911833BD166F5ACD9FD8BE6CBD4A,2,2,已婚,1,2,银金属色,4,2,0.0,0.0,4,0.0,0.0,0.0,0.0,0.0,1
25116,E8B389A758FBD9E8FCDBC0ED9A59F3B0,1,2,已婚,1,2,黑云母色,4,2,0.0,0.0,4,0.0,0.0,0.0,0.0,0.0,1
25143,9A1B287A21DADD54D91F6AAFCCD6013F,1,1,已婚,1,2,黑云母色,4,2,0.0,0.0,4,0.0,0.0,0.0,0.0,0.0,1
25179,77666ACE019E63FFF44B5ED77680047C,1,2,已婚,1,2,0,3,2,0.0,0.0,4,0.0,0.0,0.0,0.0,0.0,1
25291,707333229057078A86B7DE334D3D7A2F,1,2,已婚,1,2,0,4,2,0.0,0.0,4,0.0,0.0,0.0,0.0,0.0,1
25293,E42F7FA838B3DA5CCFA97FD436C4146B,1,1,0,1,2,0,4,2,0.0,0.0,4,0.0,0.0,0.0,0.0,0.0,1
25306,BC94444EC3F307799578F76096790EA5,1,1,0,1,2,黑云母色,4,2,0.0,0.0,4,0.0,0.0,0.0,0.0,0.0,1
25322,669617B31C2979173A98323146C93F92,1,2,已婚,1,2,0,4,2,0.0,0.0,4,0.0,0.0,0.0,0.0,0.0,1
25424,8007AF584140D5BE03D6D11F6095C1A0,2,1,0,1,2,0,3,2,0.0,0.0,4,0.0,0.0,0.0,0.0,0.0,1
25470,03A5AC017C7A45D25BCA69976257B1B7,2,2,0,1,2,0,4,2,0.0,0.0,4,0.0,0.0,0.0,0.0,0.0,1
25472,E8612D534EC18DCE2E15B8924021F70E,1,1,已婚,1,2,0,4,2,0.0,0.0,4,0.0,0.0,0.0,0.0,0.0,1
25474,388AF3EDC7DBFE0F5379BE2D4E69E99E,1,2,0,1,2,银金属色,4,2,0.0,0.0,4,0.0,0.0,0.0,0.0,0.0,1
25480,BE68129D23D7736D0F523DAC35153E20,1,2,0,2,2,黑云母色,4,2,0.0,0.0,4,0.0,0.0,0.0,0.0,0.0,1
25481,8AD542976FB810A9C18BAA5ACB9B9E92,1,1,0,2,2,0,4,2,0.0,0.0,4,0.0,0.0,0.0,0.0,0.0,1
25484,8C4DAA0EB111D03F00A4F97DEF090D33,1,1,0,1,2,灰金属色,4,2,0.0,0.0,4,0.0,0.0,0.0,0.0,0.0,1
25588,9A76EF0630261E7E0269343B2033CE51,1,1,0,1,2,银金属色,3,2,0.0,0.0,4,0.0,0.0,0.0,0.0,0.0,1
25670,F79EA319922EDFA9C29FBD57BB02E605,2,1,已婚,1,2,银金属色,4,2,0.0,0.0,4,0.0,0.0,0.0,0.0,0.0,1
25671,11B751C9350E68ACE7BAE8B684216E2C,1,2,0,1,2,黑云母色,4,2,0.0,0.0,4,0.0,0.0,0.0,0.0,0.0,1
25673,6E76414D4F536D5CF9AD916BD76D86A0,2,2,0,2,2,红色,4,2,0.0,0.0,4,0.0,0.0,0.0,0.0,0.0,1
25676,272CAE34F42AB1B27D952579FDFBA119,2,2,0,1,2,0,4,2,0.0,0.0,4,0.0,0.0,0.0,0.0,0.0,1
25677,D00C3D2FA356BE44FB61CBACA12DE2CB,1,2,0,2,2,红色,4,2,0.0,0.0,4,0.0,0.0,0.0,0.0,0.0,1
25680,858B8D95DA4C40730F9A91E4DAC315FB,1,2,已婚,1,2,银金属色,4,2,0.0,0.0,4,0.0,0.0,0.0,0.0,0.0,1
25715,9DCEF04EDA3F1A387B507E6FFE088C99,1,1,0,1,2,银金属色,3,2,0.0,0.0,4,0.0,0.0,0.0,0.0,0.0,1
25777,1B47E51E7CDADAF8B41C4EDC04A23415,1,1,已婚,1,2,0,3,2,0.0,0.0,4,0.0,0.0,0.0,0.0,0.0,1
25867,FD30D89102C5BF8A8001C239F1091065,1,2,已婚,2,2,黑云母色,4,2,0.0,0.0,4,0.0,0.0,0.0,0.0,0.0,1
25871,1B23481FB4BF78A3041D47A819F97BF3,1,2,已婚,1,2,黑云母色,4,2,0.0,0.0,4,0.0,0.0,0.0,0.0,0.0,1
25956,4835904322B092622B2C6F7B9483AE1F,1,1,0,1,2,0,3,2,0.0,0.0,4,0.0,0.0,0.0,0.0,0.0,1
26074,E745F3A9A4E39DA6773F49163EB4B893,1,3,已婚,1,2,灰金属色,4,2,0.0,0.0,4,0.0,0.0,0.0,0.0,0.0,1
26078,61DF021C93559D5E61AC3D8356697B1F,2,2,已婚,1,2,银金属色,4,2,0.0,0.0,4,0.0,0.0,0.0,0.0,0.0,1
26081,1AF4E161FDA55E3CAF62C081F99918C5,1,2,0,1,2,银金属色,4,2,0.0,0.0,4,0.0,0.0,0.0,0.0,0.0,1
26083,0F1D4C392FCF294C06507141E09660EA,1,2,已婚,2,2,0,4,2,0.0,0.0,4,0.0,0.0,0.0,0.0,0.0,1
26092,EDB0E81D252ACDC48D18BB94F730C60E,1,2,0,1,2,黑云母色,4,2,0.0,0.0,4,0.0,0.0,0.0,0.0,0.0,1
26120,A76011CE9E606CB642DD5A032DF84256,2,1,已婚,1,2,0,4,2,0.0,0.0,4,0.0,0.0,0.0,0.0,0.0,1
26123,438DCFD3A698CD45B9CE5B3D5193D706,1,1,0,1,2,黑云母色,4,2,0.0,0.0,4,0.0,0.0,0.0,0.0,0.0,1
26129,5079512783B161FFD4075D2E5524DD81,1,2,已婚,1,2,银金属色,3,2,0.0,0.0,4,0.0,0.0,0.0,0.0,0.0,1
26316,5438D72771A7F00DB57C42287C7AA4EA,1,2,0,1,2,银金属色,3,2,0.0,0.0,4,0.0,0.0,0.0,0.0,0.0,1
26445,1E2594EAA7E2E16AE5F6B44030BE259A,2,1,0,1,2,0,3,2,0.0,0.0,4,0.0,0.0,0.0,0.0,0.0,1
26474,949103F2A82E4E0EE3E2306C74113277,1,2,已婚,1,2,0,4,2,0.0,0.0,4,0.0,0.0,0.0,0.0,0.0,1
26475,F06D188743E9D2BBB3188971A764083F,1,2,已婚,1,2,黑云母色,4,2,0.0,0.0,4,0.0,0.0,0.0,0.0,0.0,1
26477,C23B48972AD9D08E31DD6618A09B0FE3,1,2,0,1,2,0,4,2,0.0,0.0,4,0.0,0.0,0.0,0.0,0.0,1
26479,4385DF81C8853C3CD16C47447DC2014E,1,2,已婚,1,2,黑云母色,4,2,0.0,0.0,4,0.0,0.0,0.0,0.0,0.0,1
26487,BCCFB7D35AD25D92090E1FEFDDED0912,1,2,0,1,2,黑云母色,4,2,0.0,0.0,4,0.0,0.0,0.0,0.0,0.0,1
26664,649A504B0E12858F630C7271B32C06A1,1,2,已婚,1,2,黑云母色,4,2,0.0,0.0,4,0.0,0.0,0.0,0.0,0.0,1
26668,0D50E837C991A906900884174E8E69F8,1,2,已婚,1,2,银金属色,4,2,0.0,0.0,4,0.0,0.0,0.0,0.0,0.0,1
26671,FC622BE0210AB3D56C3567C8E81C62EE,1,2,0,1,2,黑云母色,4,2,0.0,0.0,4,0.0,0.0,0.0,0.0,0.0,1
26672,1157209E7E0C6A6B54B55E8851C26B19,1,2,0,1,2,银金属色,4,2,0.0,0.0,4,0.0,0.0,0.0,0.0,0.0,1
26844,4A25831714E6D2C9A9FA27D5798B0EDE,2,2,0,2,2,0,3,2,0.0,0.0,4,0.0,0.0,0.0,0.0,0.0,1
26853,DBC87140C78BA36DB546CC737F97E06B,1,2,0,1,2,0,3,2,0.0,0.0,4,0.0,0.0,0.0,0.0,0.0,1
26865,2E91A237469F922F12618887A961D5E6,1,2,0,1,2,银金属色,4,2,0.0,0.0,4,0.0,0.0,0.0,0.0,0.0,1
26870,24959F88325B3D12FFB7308D93C6B820,1,2,已婚,1,2,银金属色,4,2,0.0,0.0,4,0.0,0.0,0.0,0.0,0.0,1
26874,65DAFD5896FF650D04BC8CB76E058434,2,2,已婚,1,2,0,4,2,0.0,0.0,4,0.0,0.0,0.0,0.0,0.0,1
26878,7E10365D519980D739D672D4304DDEC1,2,2,0,1,2,0,4,2,0.0,0.0,4,0.0,0.0,0.0,0.0,0.0,1
26879,EFFE4BC4EE07B35FB57CD7920589D4E1,2,1,已婚,1,2,黑云母色,4,2,0.0,0.0,4,0.0,0.0,0.0,0.0,0.0,1
26880,596750603707B0857E52732934832E13,1,2,0,1,2,银金属色,4,2,0.0,0.0,4,0.0,0.0,0.0,0.0,0.0,1
27002,2A4F13E236E35C095C2AEA2D5777CD56,1,2,已婚,5,2,黑云母色,3,2,0.0,0.0,4,0.0,0.0,0.0,0.0,0.0,1
27437,776D0E7332B454A830824B71BBDBEB96,1,2,0,1,2,灰金属色,4,2,0.0,0.0,4,0.0,0.0,0.0,0.0,0.0,1
27526,2D3EF4024E4318825249E5363939B3DC,1,3,0,1,2,黑云母色,4,2,0.0,0.0,4,0.0,0.0,0.0,0.0,0.0,1
27572,3E86FD125D4FE1B07AE45A4CFC19C0ED,1,2,已婚,1,2,黑云母色,4,2,0.0,0.0,4,0.0,0.0,0.0,0.0,0.0,1
27573,376778DA467D46CD22370B4FCBC39286,1,2,已婚,1,2,银金属色,4,2,0.0,0.0,4,0.0,0.0,0.0,0.0,0.0,1
27574,E8994B7AA442DA891A1EE0D0F57B8FC8,1,2,0,1,2,黑云母色,4,2,0.0,0.0,4,0.0,0.0,0.0,0.0,0.0,1
27637,BABED35A30093C0AB980348FDEDEEB34,1,2,已婚,1,2,灰金属色,4,2,0.0,0.0,4,0.0,0.0,0.0,0.0,0.0,1
27733,F686FDB6CFCC853DA3BC766919ACC496,1,2,0,1,2,黑云母色,4,2,0.0,0.0,4,0.0,0.0,0.0,0.0,0.0,1
27737,F9F6686A6428A822C6CD43B98595B08D,2,2,0,1,2,灰金属色,4,2,0.0,0.0,4,0.0,0.0,0.0,0.0,0.0,1
27785,B519B8D490C89E6BADE418CF38AA1127,2,2,0,1,7,浅蓝金属色,4,2,0.0,0.0,4,0.0,0.0,0.0,0.0,0.0,1
27791,F7282CC009B64836960D802DD6AD8DD3,1,2,已婚,1,7,银金属色,4,2,0.0,0.0,4,0.0,0.0,0.0,0.0,0.0,1
30284,4906CFAE7303A0A679832335FD4F3F98,1,1,0,1,2,珍珠白色,2,2,0.0,0.0,4,0.0,0.0,0.0,0.0,0.0,1
33173,F443DFC3312A6E518F4A2D8F5EF28E4C,1,2,0,1,5,宝石珍珠白,2,3,0.0,0.0,4,0.0,0.0,0.0,0.0,0.0,1
33482,0772D7818AEB9995665F75CC0F034816,1,3,0,1,5,黑色,2,3,0.0,0.0,4,0.0,0.0,0.0,0.0,0.0,1
34349,FF211778507D3F75FE3BF777DD3412FD,1,2,0,1,5,宝石珍珠白,2,4,0.0,0.0,4,0.0,0.0,0.0,0.0,0.0,1
34782,1CC1F8AC67792993B5A157F649692E06,1,1,已婚,1,5,宝石珍珠白,2,4,0.0,0.0,4,0.0,0.0,0.0,0.0,0.0,1
34838,1B2C86431767B9374243A36680BB1978,1,2,已婚,2,9,银金属色,4,3,0.0,0.0,4,0.0,0.0,0.0,0.0,0.0,1
34849,E85262307C63B87D8909F2C570506A23,1,2,0,1,9,深棕金属色,4,3,0.0,0.0,4,0.0,0.0,0.0,0.0,0.0,1
34853,5E4BAC103FE8017230C9CBFF33418F5E,1,2,已婚,1,9,银金属色,3,3,0.0,0.0,4,0.0,0.0,0.0,0.0,0.0,1
34855,2B7D65D6620BAE25B4E71552973943E5,1,2,已婚,1,9,黑色,4,3,0.0,0.0,4,0.0,0.0,0.0,0.0,0.0,1
34865,D1AC2BA9FFEBB4F08F5A590F25130E99,1,2,0,1,9,黑色,4,3,0.0,0.0,4,0.0,0.0,0.0,0.0,0.0,1
34895,41CF2B0D81396E95462D6409B60E7FD1,2,2,已婚,1,9,黑色,3,3,0.0,0.0,4,0.0,0.0,0.0,0.0,0.0,1
35238,CE522AC2DD7378A0CF69BFECCFDE1944,2,1,0,1,9,宝石珍珠白,2,3,0.0,0.0,4,0.0,0.0,0.0,0.0,0.0,1
35295,86445EB451650EE0AE96451A953E2653,1,2,已婚,1,9,黑色,4,3,0.0,0.0,4,0.0,0.0,0.0,0.0,0.0,1
35493,0231A061F1E7E87F12E3B08CC574F3B3,1,2,0,1,9,宝石珍珠白,2,3,0.0,0.0,4,0.0,0.0,0.0,0.0,0.0,1
35520,60C37D915215EF242C455773555D5880,2,2,0,1,9,宝石珍珠白,4,3,0.0,0.0,4,0.0,0.0,0.0,0.0,0.0,1
35522,7C4A2DE7954AE3F94FE99BD916282DB1,1,1,0,1,9,宝石珍珠白,4,3,0.0,0.0,4,0.0,0.0,0.0,0.0,0.0,1
35529,40E5FF528335817B9A8CC7179992C688,2,1,已婚,1,9,宝石珍珠白,4,3,0.0,0.0,4,0.0,0.0,0.0,0.0,0.0,1
35542,51F0DACF5390051607B85B55A39D67B1,2,1,已婚,1,9,黑色,4,3,0.0,0.0,4,0.0,0.0,0.0,0.0,0.0,1
35585,B98EBCAA4BDAE6B1FC44569C77DCB35E,1,2,0,1,9,黑色,3,3,0.0,0.0,4,0.0,0.0,0.0,0.0,0.0,1
35737,0D2CD3077647D4BC2F2A201A461AD60C,1,1,已婚,1,9,黑色,4,3,0.0,0.0,4,0.0,0.0,0.0,0.0,0.0,1
35739,43DFE072F92530A4CC1CC74B3D174A08,1,2,0,1,9,冰钛金属色,4,3,0.0,0.0,4,0.0,0.0,0.0,0.0,0.0,1
35811,A3339A56FD0A668B323B24EAF1AEF806,1,1,0,1,9,黑色,3,3,0.0,0.0,4,0.0,0.0,0.0,0.0,0.0,1
35871,879BBEE2FC771594A6A550F41B874185,1,2,已婚,1,9,宝石珍珠白,2,3,0.0,0.0,4,0.0,0.0,0.0,0.0,0.0,1
35908,CD16D4D1B44A588E42008329F002C4A3,2,1,0,1,9,宝石珍珠白,2,3,0.0,0.0,4,0.0,0.0,0.0,0.0,0.0,1
35951,CAFE28C48D622C4F90D20EFF3A493562,1,1,已婚,1,9,黑色,4,3,0.0,0.0,4,0.0,0.0,0.0,0.0,0.0,1
36006,B11C125CC4DA0904FAABE207FBBC7314,1,1,未婚,1,9,黑色,3,3,0.0,0.0,4,0.0,0.0,0.0,0.0,0.0,1
36092,AEA2ECFB07A8A83B56B2E8967A50BD11,1,2,0,1,9,宝石珍珠白,3,3,0.0,0.0,4,0.0,0.0,0.0,0.0,0.0,1
36176,D6096E6AEB0B90CA37D9F783FB22D0E6,1,2,0,1,9,深棕金属色,4,3,0.0,0.0,4,0.0,0.0,0.0,0.0,0.0,1
36187,D83A4030DCDD73CC648B2CF2E03BC221,1,1,0,1,9,黑色,4,3,0.0,0.0,4,0.0,0.0,0.0,0.0,0.0,1
36195,6223CED7CEE340530A1F59399DA0AC02,1,2,0,1,9,宝石珍珠白,4,3,0.0,0.0,4,0.0,0.0,0.0,0.0,0.0,1
36303,E171B7DF62BEC2E478BF35E8B90A024C,2,2,0,2,9,宝石珍珠白,2,3,0.0,0.0,4,0.0,0.0,0.0,0.0,0.0,1
36326,087444F92CFC2CF4636DA2D95D81917F,1,1,0,1,9,黑色,2,3,0.0,0.0,4,0.0,0.0,0.0,0.0,0.0,1
36352,26041A00BF0A7501C4533FDCB6027F4C,2,2,0,1,9,宝石珍珠白,4,3,0.0,0.0,4,0.0,0.0,0.0,0.0,0.0,1
36354,0586AF49FF1EBC571B20D6A497FAA6DA,1,2,0,1,9,银金属色,4,3,0.0,0.0,4,0.0,0.0,0.0,0.0,0.0,1
36363,9E2ECF8EA0DCBB5A124EA7F7D02CE9DA,1,3,已婚,1,9,黑色,4,3,0.0,0.0,4,0.0,0.0,0.0,0.0,0.0,1
36369,92B3C5B3C585F87FE63492ACCF012A07,2,1,未婚,1,9,深红云母色,4,3,0.0,0.0,4,0.0,0.0,0.0,0.0,0.0,1
36403,4E4B77BAB891D907D4FEE06F809F56C5,1,2,已婚,1,9,宝石珍珠白,3,3,0.0,0.0,4,0.0,0.0,0.0,0.0,0.0,1
36547,0D26AD41E47124117710A6EFF115C322,2,1,0,1,9,宝石珍珠白,2,3,0.0,0.0,4,0.0,0.0,0.0,0.0,0.0,1
36581,AF933DDBFF299C8FAA1E64D69A022B67,2,1,0,1,9,深红云母色,2,3,0.0,0.0,4,0.0,0.0,0.0,0.0,0.0,1
36600,EF39041FC97D1D5878B61DABFE1DEC1D,1,1,0,1,9,黑色,4,3,0.0,0.0,4,0.0,0.0,0.0,0.0,0.0,1
36723,ECBBC898263139EC5758B88B70CF9EEC,1,1,已婚,1,9,宝石珍珠白,2,3,0.0,0.0,4,0.0,0.0,0.0,0.0,0.0,1
36852,20818A8CAE0C24868E9E3EC459E499F5,1,1,0,5,9,黑色,3,3,0.0,0.0,4,0.0,0.0,0.0,0.0,0.0,1
37097,9F3F0EA727BF974B7D00A948CB04C2B4,1,1,0,1,9,青铜云母,3,3,0.0,0.0,4,0.0,0.0,0.0,0.0,0.0,1
37224,6C49C00F290C1A93B861105452CE5954,1,2,已婚,1,5,黑色,4,4,0.0,0.0,4,0.0,0.0,0.0,0.0,0.0,1
37228,C7AF5024A3C3301AF60D32DA31883DA3,1,2,0,1,5,黑色,4,4,0.0,0.0,4,0.0,0.0,0.0,0.0,0.0,1
37711,42022B5DEA7F53D64AD58EB0C76156AF,1,3,已婚,1,5,黑色,4,4,0.0,0.0,4,0.0,0.0,0.0,0.0,0.0,1
37805,73E7FBBC6EA2A1490B40D027C64ED155,1,2,已婚,1,5,银金属色,4,4,0.0,0.0,4,0.0,0.0,0.0,0.0,0.0,1
37866,38213986F1624704B2F334F8CBADA8F0,1,2,已婚,1,5,黑色,3,4,0.0,0.0,4,0.0,0.0,0.0,0.0,0.0,1
37892,10F3EC0C7E4590E076B38542723EAD87,1,2,0,1,5,黑色,4,4,0.0,0.0,4,0.0,0.0,0.0,0.0,0.0,1
37988,56054B3B4F576A6FC7809CC3F8496FA4,1,2,0,1,5,黑色,4,4,0.0,0.0,4,0.0,0.0,0.0,0.0,0.0,1
38093,F35CD8F5C139D86ED8CC090A98287A4E,1,2,已婚,1,5,黑色,4,4,0.0,0.0,4,0.0,0.0,0.0,0.0,0.0,1
38198,C5A32EC813FD7F060542F73D03C8725D,2,2,已婚,1,5,黑色,3,4,0.0,0.0,4,0.0,0.0,0.0,0.0,0.0,1
38940,19684CF520C6283195EC64700045AD7E,1,2,0,3,1,米黄金属色,3,4,0.0,0.0,4,0.0,0.0,0.0,0.0,0.0,1
38950,D980DCBB81B07B6CB8843172AC2E6DE8,1,2,已婚,2,1,米黄金属色,4,4,0.0,0.0,4,0.0,0.0,0.0,0.0,0.0,1
38952,5EB1705D4BCEC5F6F51BCCEBCB224E19,2,3,0,3,1,米黄金属色,4,4,0.0,0.0,4,0.0,0.0,0.0,0.0,0.0,1
38953,D5E1E1DE3651A189A03DC1A4F7E86DE6,1,2,已婚,2,1,米黄金属色,4,4,0.0,0.0,4,0.0,0.0,0.0,0.0,0.0,1
39115,2A6A793D34D390B84B590EC10957AA45,1,2,0,1,1,珍珠白色,2,4,0.0,0.0,4,0.0,0.0,0.0,0.0,0.0,1
39444,4790979F34E97476C6564930518144D8,1,2,已婚,1,1,0,4,4,0.0,0.0,4,0.0,0.0,0.0,0.0,0.0,1
39448,C55771EBB17F586A724BC3F98C52C7E4,1,2,已婚,4,1,0,3,4,0.0,0.0,4,0.0,0.0,0.0,0.0,0.0,1
39469,6E9813CC37638259C759F7960C71F7CD,1,2,已婚,2,1,0,4,4,0.0,0.0,4,0.0,0.0,0.0,0.0,0.0,1
39525,A27846595F33439C63803CAD55897BE2,1,1,0,2,1,0,4,4,0.0,0.0,4,0.0,0.0,0.0,0.0,0.0,1
39555,10E6F508D1E967FF5724EC131FEF050E,1,2,已婚,2,1,0,3,4,0.0,0.0,4,0.0,0.0,0.0,0.0,0.0,1
39571,E0B8C21A34008BE52D8A462601467BBC,1,2,已婚,1,1,0,3,4,0.0,0.0,4,0.0,0.0,0.0,0.0,0.0,1
39615,0DE9875CC0D3FC78E939198143D7B089,1,2,已婚,2,1,黑色,4,4,0.0,0.0,4,0.0,0.0,0.0,0.0,0.0,1
39815,0E052D469446F9B0C21152FDF71CDCA4,2,2,0,1,1,深绿云母色,2,4,0.0,0.0,4,0.0,0.0,0.0,0.0,0.0,1
39923,DEF0518D62F8DD1797976CD4E03CABE1,1,2,0,1,1,珍珠白色,2,4,0.0,0.0,4,0.0,0.0,0.0,0.0,0.0,1
40119,61F9C6D035DFFE3A481BB5E264F66A34,1,2,0,1,1,珍珠白色,2,4,0.0,0.0,4,0.0,0.0,0.0,0.0,0.0,1
40829,AEA015A7D85EC6CE0F397A6189567F1D,2,2,0,1,6,0,3,3,0.0,0.0,4,0.0,0.0,0.0,0.0,0.0,1
40877,579FE15E4BF671A2525BDA28A575DB5C,1,1,0,1,6,珍珠白色,2,3,0.0,0.0,4,0.0,0.0,0.0,0.0,0.0,1
40891,4A45C26F2E0FCE2FBE52022A0574D3BE,2,1,0,1,6,珍珠白色,2,3,0.0,0.0,4,0.0,0.0,0.0,0.0,0.0,1
40962,CB4A94946F24720E066DEBD64A1BF17A,1,2,0,1,6,橙金属色,3,3,0.0,0.0,4,0.0,0.0,0.0,0.0,0.0,1
40969,EA8909FB7752F5CD536BBB124AF52ED6,2,1,0,1,6,0,3,3,0.0,0.0,4,0.0,0.0,0.0,0.0,0.0,1
41054,643FD72F1FE287414842991A83BB87BC,1,2,0,1,6,珍珠白色,2,3,0.0,0.0,4,0.0,0.0,0.0,0.0,0.0,1
41947,560C7FA378D4CF3BB17516CE7236917E,1,2,已婚,1,6,0,3,3,0.0,0.0,4,0.0,0.0,0.0,0.0,0.0,1
42085,9160EF59BA1324EBE3AFA61046C40336,1,1,已婚,1,6,0,3,3,0.0,0.0,4,0.0,0.0,0.0,0.0,0.0,1
42205,5076A686B15B340AF647F2AFA6524878,1,2,0,1,6,珍珠白色,2,3,0.0,0.0,4,0.0,0.0,0.0,0.0,0.0,1
42395,F05C96E26DB7EA7299D7B64FB82C5A87,1,2,0,1,6,0,3,3,0.0,0.0,4,0.0,0.0,0.0,0.0,0.0,1
42600,A075362B00571FFDB12056CD67BA1AC6,1,2,0,1,6,深棕金属色,2,3,0.0,0.0,4,0.0,0.0,0.0,0.0,0.0,1
42729,53948A6A2943B9DAE6E047F18D6BDA8E,2,2,0,1,6,红色,3,3,0.0,0.0,4,0.0,0.0,0.0,0.0,0.0,1
42840,9749A78EF10D545460740849A5FB4956,1,1,0,1,6,深棕金属色,3,3,0.0,0.0,4,0.0,0.0,0.0,0.0,0.0,1
43104,7E9745B21BEFC5B88FEA0D9C2E1C7798,1,2,0,1,6,0,3,3,0.0,0.0,4,0.0,0.0,0.0,0.0,0.0,1
43375,37CB0A98F215A66BA0D32967896F188E,1,2,已婚,1,6,0,3,3,0.0,0.0,4,0.0,0.0,0.0,0.0,0.0,1
43437,D823C90FF6B6DBAAAEFE9265F8809033,1,2,0,1,6,珍珠白色,2,3,0.0,0.0,4,0.0,0.0,0.0,0.0,0.0,1
43613,945DFC036477F2FC4433033BCA25A3E1,2,1,0,1,6,黑云母色,2,3,0.0,0.0,4,0.0,0.0,0.0,0.0,0.0,1
43851,ABFF61670F649533EAB52804F765CC7B,1,2,0,1,6,黑云母色,4,3,0.0,0.0,4,0.0,0.0,0.0,0.0,0.0,1
43879,EC006AB50347F58DE147985AF2DE8571,1,2,已婚,1,6,黑云母色,4,3,0.0,0.0,4,0.0,0.0,0.0,0.0,0.0,1
43928,926AB36F6352F7A97D8A7FD38D83068D,2,2,0,1,6,0,4,3,0.0,0.0,4,0.0,0.0,0.0,0.0,0.0,1
43938,ABAEDE836B2B22DDC47E5BB5A47CCFDD,1,3,已婚,1,6,银金属色,4,3,0.0,0.0,4,0.0,0.0,0.0,0.0,0.0,1
43969,73194E459C392C57CE17392AADDE2584,2,2,0,1,6,黑云母色,4,3,0.0,0.0,4,0.0,0.0,0.0,0.0,0.0,1
43970,908D33AA4D530BCAC8DFFB0F120AA9C7,1,1,已婚,3,6,银金属色,4,3,0.0,0.0,4,0.0,0.0,0.0,0.0,0.0,1
43977,CDBD8E778675103C9F3E485CB2FCD892,1,2,0,1,6,0,4,3,0.0,0.0,4,0.0,0.0,0.0,0.0,0.0,1
43993,3E23EEEB5B28959D93A7FEA174FA96A9,1,2,已婚,1,6,银金属色,4,3,0.0,0.0,4,0.0,0.0,0.0,0.0,0.0,1
43994,D3401541443AD55903AB9236692DE6B7,1,2,0,1,6,银金属色,4,3,0.0,0.0,4,0.0,0.0,0.0,0.0,0.0,1
44006,19BEA0AB29869A348C8D493A8659D028,1,2,0,1,6,黑云母色,4,3,0.0,0.0,4,0.0,0.0,0.0,0.0,0.0,1
44010,21F5DE746E9BE00A437DE0A5FA0F6255,1,2,已婚,1,6,0,3,3,0.0,0.0,4,0.0,0.0,0.0,0.0,0.0,1
44018,F568FCC2A3E276798D27D082C90CC06A,1,2,已婚,1,6,黑云母色,4,3,0.0,0.0,4,0.0,0.0,0.0,0.0,0.0,1
44032,830CED45F957F1F6B1EBBFE333EC34F7,1,1,已婚,1,6,0,4,3,0.0,0.0,4,0.0,0.0,0.0,0.0,0.0,1
44046,BFFDC3C2B77F3CB24D6EC1E42EA7AC22,1,2,0,2,6,黑云母色,4,3,0.0,0.0,4,0.0,0.0,0.0,0.0,0.0,1
44066,6928A2CC99F8EC237E88CEB45A923639,1,2,0,1,6,黑云母色,4,3,0.0,0.0,4,0.0,0.0,0.0,0.0,0.0,1
44077,45B4565D0FFB4BE8CC3FCDF4AEF2597D,1,2,已婚,1,6,黑云母色,4,3,0.0,0.0,4,0.0,0.0,0.0,0.0,0.0,1
44084,87538AE0D2B635B83CE4AAB78BC86742,1,2,0,1,6,银金属色,4,3,0.0,0.0,4,0.0,0.0,0.0,0.0,0.0,1
44085,F71F487203220441B699A52E629E61DC,1,1,已婚,1,6,0,4,3,0.0,0.0,4,0.0,0.0,0.0,0.0,0.0,1
44088,797D851857DFBDAF900A4532A2C45693,1,2,0,1,6,0,3,3,0.0,0.0,4,0.0,0.0,0.0,0.0,0.0,1
44113,A07153227552C07E3692D77BC9BC0380,2,2,已婚,2,6,银金属色,4,3,0.0,0.0,4,0.0,0.0,0.0,0.0,0.0,1
44116,6611CF0E5BBE8908B0593943D5DDA32E,1,2,0,1,6,银金属色,4,3,0.0,0.0,4,0.0,0.0,0.0,0.0,0.0,1
44163,EC89E7DAE36E006A716EFF7B5ABB2C18,2,2,已婚,1,6,0,4,3,0.0,0.0,4,0.0,0.0,0.0,0.0,0.0,1
44207,827F06A9E5D5A6398EC68D1C38BC36A8,2,2,0,1,6,0,3,3,0.0,0.0,4,0.0,0.0,0.0,0.0,0.0,1
44214,718BC943F779EED40734064A11BA0822,1,1,0,1,6,深棕金属色,4,3,0.0,0.0,4,0.0,0.0,0.0,0.0,0.0,1
44230,7D903D80AA77DED1197FD748A9BDC008,1,2,已婚,1,6,0,4,3,0.0,0.0,4,0.0,0.0,0.0,0.0,0.0,1
44249,B51E318D7A650FABF5538C98A6D070AB,2,2,已婚,1,6,银金属色,4,3,0.0,0.0,4,0.0,0.0,0.0,0.0,0.0,1
44273,2420F60A9BB965F58EC1A4EBF851ADD6,1,2,已婚,1,6,0,4,3,0.0,0.0,4,0.0,0.0,0.0,0.0,0.0,1
44291,6154AF4FF731905570E5B9AB57855E69,1,2,已婚,1,6,0,3,3,0.0,0.0,4,0.0,0.0,0.0,0.0,0.0,1
44431,5C8B42AFF2DFD45E5188CC4AD7212549,2,2,0,1,6,橙金属色,2,3,0.0,0.0,4,0.0,0.0,0.0,0.0,0.0,1
44579,3CFF0D0B28129C9702C45CDAD321D30F,2,2,0,1,6,珍珠白色,2,3,0.0,0.0,4,0.0,0.0,0.0,0.0,0.0,1
44801,0F701E109E580D40208B06C390699BB9,2,2,已婚,1,6,深棕金属色,3,3,0.0,0.0,4,0.0,0.0,0.0,0.0,0.0,1
45497,38F8C89DEA3B485BDA4945AE385E21DF,1,1,0,1,6,珍珠白色,2,3,0.0,0.0,4,0.0,0.0,0.0,0.0,0.0,1
45946,7085627A5F9252456DFAA0A432B3D46B,1,2,0,1,6,珍珠白色,2,3,0.0,0.0,4,0.0,0.0,0.0,0.0,0.0,1
45958,A4674C11707083CA61F5D3922CE096E6,1,2,0,1,6,铂青铜金属,2,3,0.0,0.0,4,0.0,0.0,0.0,0.0,0.0,1
46452,6405C6AF2E7A162422B70F7AA50E3544,1,2,0,1,6,银金属色,2,3,0.0,0.0,4,0.0,0.0,0.0,0.0,0.0,1
46503,3FF6A6E7289C003A2697959FF8D4C6F0,1,2,0,1,6,珍珠白色,2,3,0.0,0.0,4,0.0,0.0,0.0,0.0,0.0,1
46887,544C0E959859B029329B210556F98A4E,1,2,0,1,6,铂青铜金属,3,3,0.0,0.0,4,0.0,0.0,0.0,0.0,0.0,1
46925,17E98F27E0DB25A338951AAEC794C547,1,2,0,1,6,铂青铜金属,2,3,0.0,0.0,4,0.0,0.0,0.0,0.0,0.0,1
46942,202E6B17FCE64395CC6680357F68C448,1,2,0,1,6,宝石珍珠白,2,3,0.0,0.0,4,0.0,0.0,0.0,0.0,0.0,1
47067,9065738A591E28718665DDD936DE73FB,1,2,0,1,6,珍珠白色,2,3,0.0,0.0,4,0.0,0.0,0.0,0.0,0.0,1
47343,CCB8514974F049D8F70D9B1F9F6AD50A,2,1,已婚,1,6,银金属色,2,3,0.0,0.0,4,0.0,0.0,0.0,0.0,0.0,1
47565,33C3CADB50DB3BA19E2F446E28C23475,1,2,已婚,1,6,珍珠白色,2,3,0.0,0.0,4,0.0,0.0,0.0,0.0,0.0,1
47843,FEE568141DCD89F3F0AE9A27557C8F80,1,2,已婚,1,6,0,3,3,0.0,0.0,4,0.0,0.0,0.0,0.0,0.0,1
48016,71504176D244B312412EAECA7F37321E,1,2,0,1,6,深棕金属色,2,3,0.0,0.0,4,0.0,0.0,0.0,0.0,0.0,1
48344,22A0945C4DF070F110CC2F9F42F288DA,1,1,已婚,1,6,橙金属色,3,3,0.0,0.0,4,0.0,0.0,0.0,0.0,0.0,1
48355,12B7D7DDE0CB703DA9ABA762A776AA47,2,2,0,1,6,黑云母色,2,3,0.0,0.0,4,0.0,0.0,0.0,0.0,0.0,1
48389,9FEA2DC628AFD1A5614FEDFA8EDB398B,1,1,已婚,2,6,橙金属色,2,3,0.0,0.0,4,0.0,0.0,0.0,0.0,0.0,1
48500,5A7D9C407F0A46AB33EF016200BC08B9,1,2,0,1,6,铂青铜金属,2,3,0.0,0.0,4,0.0,0.0,0.0,0.0,0.0,1
48521,4797008679118C37CA5DA4E09C0AF3EB,1,1,已婚,1,6,深棕金属色,2,3,0.0,0.0,4,0.0,0.0,0.0,0.0,0.0,1
48629,31C83268D0666F5652AC69C295FBDE25,1,2,0,1,6,珍珠白色,2,3,0.0,0.0,4,0.0,0.0,0.0,0.0,0.0,1
49049,A170240B1D797141B84F360E97B4574D,1,2,0,1,6,珍珠白色,2,3,0.0,0.0,4,0.0,0.0,0.0,0.0,0.0,1
49066,A5C3C71F55BC739D15F3B08094DBF471,1,2,0,1,6,黑云母色,2,3,0.0,0.0,4,0.0,0.0,0.0,0.0,0.0,1
50303,7645566E77694AD370E1BBA2DE5DD495,1,2,已婚,1,6,银金属色,4,3,0.0,0.0,4,0.0,0.0,0.0,0.0,0.0,1
50335,3648D119C3513C0DBA35BC476A1749B8,1,2,已婚,1,6,银金属色,4,3,0.0,0.0,4,0.0,0.0,0.0,0.0,0.0,1
50356,AF4226B775C1F63FCC29B0FE1F13EA63,1,2,已婚,1,6,0,3,3,0.0,0.0,4,0.0,0.0,0.0,0.0,0.0,1
50376,57C28C2E40318417AC32701AD48E7852,2,2,0,1,6,0,3,3,0.0,0.0,4,0.0,0.0,0.0,0.0,0.0,1
50432,A8CFB50F86E219819A8044A3AB1FB913,1,2,已婚,1,6,0,4,3,0.0,0.0,4,0.0,0.0,0.0,0.0,0.0,1
50494,F3DD6E13394F94A7B0DB20B41BF2E8C4,1,2,0,1,6,银金属色,4,3,0.0,0.0,4,0.0,0.0,0.0,0.0,0.0,1
50562,57141AF254B60D9E9835E4D3BA993B21,1,2,0,2,6,红色,4,3,0.0,0.0,4,0.0,0.0,0.0,0.0,0.0,1
50564,B69DFEAD1CC77B65AC52F00002DFFCC0,1,2,0,1,6,0,4,3,0.0,0.0,4,0.0,0.0,0.0,0.0,0.0,1
50565,3C5BE17149B9DE63E607A84090811166,1,2,已婚,1,6,黑云母色,4,3,0.0,0.0,4,0.0,0.0,0.0,0.0,0.0,1
50613,16AA10CACFDFC26A0B24B26E3DB8D398,2,1,已婚,1,6,0,4,3,0.0,0.0,4,0.0,0.0,0.0,0.0,0.0,1
50654,ADABA6ECFE104A2124589E068AD9C227,1,2,0,1,6,0,4,3,0.0,0.0,4,0.0,0.0,0.0,0.0,0.0,1
50696,1084707C65636C785756548DBC6E2D6E,1,2,已婚,1,6,0,4,3,0.0,0.0,4,0.0,0.0,0.0,0.0,0.0,1
50775,3864A1CDBC1F8736CCE45692AED7D01A,1,2,已婚,2,6,0,4,3,0.0,0.0,4,0.0,0.0,0.0,0.0,0.0,1
50890,F9087174614E8EF93F022867E132DC51,1,2,已婚,1,6,银金属色,4,3,0.0,0.0,4,0.0,0.0,0.0,0.0,0.0,1
51007,58828EFEAD65BEDCAE74043BD70671E9,1,1,已婚,1,6,黑云母色,4,3,0.0,0.0,4,0.0,0.0,0.0,0.0,0.0,1
51033,D0378ABDF7BDD5423781CDEC72111B14,1,1,0,1,6,黑云母色,3,3,0.0,0.0,4,0.0,0.0,0.0,0.0,0.0,1
